﻿id,name,mail,password
1,シマゴロー,simagoro@nekoyasudo,QWP0M4eG
2,ゴッチン,gochin@nekoyasudo,oVOelf4X
3,マキ子,maki@nekoyasudo,y1RCMP1D
4,マル,maru@nekoyasudo,mFrX4Wde
5,ミチロー,michiro@nekoyasudo,qLLFAWKf
6,チー,coo@nekoyasudo,SdkXWzpD
7,サラ,sara@nekoyasudo,nytY9xeK
8,みなみ,minami@nekoyasudo,HO46P3AB
9,プリン,prin@nekoyasudo,wXJ0CiFS
10,ぴー子,pko@nekoyasudo,CZ3Lg3IP
11,ごま,goma@nekoyasudo,gM5a7mpl
12,ぱんだ,panda@nekoyasudo,MSo5Rv7B
13,猫丸,nekomaru@nekoyasudo,DmJMRYDq
14,ニャン太,nyantaro@nekoyasudo,13BtK6xI
15,モンチー,monchi@nekoyasudo,ZAGkZBBq
16,ぴよ,piyo@nekoyasudo,5yTvHrUw
17,ラスカル,rasukal@nekoyasudo,xdLkmCfp
18,くま,kuma@nekoyasudo,MEC4GsaY
19,ゴン,gon@nekoyasudo,n070Ci0A
20,チー,q@nekoyasudo,FJTgIK8g
21,太助,tasuke@nekoyasudo,8NJuSgLQ
22,トントン,tonton@nekoyasudo,KrciM5jW
23,マー,ma@nekoyasudo,uCPl8sIO
24,サリー,sary@nekoyasudo,0ZuyZrrF
25,うさぎ,usa@nekoyasudo,GylnEMxf
26,うー太,uta@nekoyasudo,Pxu7Ts8F
27,ローリー,roly@nekoyasudo,O0ETQBKB
28,マイケル,mikel@nekoyasudo,DV4jOPjM
29,スー,su@nekoyasudo,3AkNbIvZ
30,ミーヤ,miya@nekoyasudo,D7p1OGH2
